{
  "Age": 0.10821018062397378,
  "SystolicBP": 0.1441707717569787,
  "DiastolicBP": 0.07224958949096884,
  "BS": 0.33021346469622337,
  "BodyTemp": 0.07569786535303778,
  "HeartRate": 0.09096880131362893
}