{
  "rf": {
    "report": {
      "high risk": {
        "precision": 0.9629629629629629,
        "recall": 0.9454545454545454,
        "f1-score": 0.9541284403669724,
        "support": 55
      },
      "low risk": {
        "precision": 0.881578947368421,
        "recall": 0.8271604938271605,
        "f1-score": 0.8535031847133758,
        "support": 81
      },
      "mid risk": {
        "precision": 0.7808219178082192,
        "recall": 0.8507462686567164,
        "f1-score": 0.8142857142857143,
        "support": 67
      },
      "accuracy": 0.8669950738916257,
      "macro avg": {
        "precision": 0.8751212760465344,
        "recall": 0.8744537693128075,
        "f1-score": 0.8739724464553541,
        "support": 203
      },
      "weighted avg": {
        "precision": 0.8703740206549544,
        "recall": 0.8669950738916257,
        "f1-score": 0.8678224878773881,
        "support": 203
      }
    },
    "confusion_matrix": [
      [
        52,
        1,
        2
      ],
      [
        0,
        67,
        14
      ],
      [
        2,
        8,
        57
      ]
    ],
    "roc_auc": 0.960807058378267
  },
  "et": {
    "report": {
      "high risk": {
        "precision": 0.9629629629629629,
        "recall": 0.9454545454545454,
        "f1-score": 0.9541284403669724,
        "support": 55
      },
      "low risk": {
        "precision": 0.8831168831168831,
        "recall": 0.8395061728395061,
        "f1-score": 0.860759493670886,
        "support": 81
      },
      "mid risk": {
        "precision": 0.7916666666666666,
        "recall": 0.8507462686567164,
        "f1-score": 0.8201438848920863,
        "support": 67
      },
      "accuracy": 0.8719211822660099,
      "macro avg": {
        "precision": 0.8792488375821709,
        "recall": 0.878568995650256,
        "f1-score": 0.8783439396433149,
        "support": 203
      },
      "weighted avg": {
        "precision": 0.8745669810940746,
        "recall": 0.8719211822660099,
        "f1-score": 0.8726513472674633,
        "support": 203
      }
    },
    "confusion_matrix": [
      [
        52,
        1,
        2
      ],
      [
        0,
        68,
        13
      ],
      [
        2,
        8,
        57
      ]
    ],
    "roc_auc": 0.9658024698568924
  },
  "gb": {
    "report": {
      "high risk": {
        "precision": 0.9245283018867925,
        "recall": 0.8909090909090909,
        "f1-score": 0.9074074074074073,
        "support": 55
      },
      "low risk": {
        "precision": 0.788235294117647,
        "recall": 0.8271604938271605,
        "f1-score": 0.8072289156626505,
        "support": 81
      },
      "mid risk": {
        "precision": 0.7538461538461538,
        "recall": 0.7313432835820896,
        "f1-score": 0.7424242424242424,
        "support": 67
      },
      "accuracy": 0.812807881773399,
      "macro avg": {
        "precision": 0.8222032499501978,
        "recall": 0.8164709561061136,
        "f1-score": 0.8190201884981002,
        "support": 203
      },
      "weighted avg": {
        "precision": 0.8138118607635237,
        "recall": 0.812807881773399,
        "f1-score": 0.8129821370369771,
        "support": 203
      }
    },
    "confusion_matrix": [
      [
        49,
        2,
        4
      ],
      [
        2,
        67,
        12
      ],
      [
        2,
        16,
        49
      ]
    ],
    "roc_auc": 0.9458321382505108
  },
  "ensemble": {
    "report": {
      "high risk": {
        "precision": 0.9629629629629629,
        "recall": 0.9454545454545454,
        "f1-score": 0.9541284403669724,
        "support": 55
      },
      "low risk": {
        "precision": 0.8846153846153846,
        "recall": 0.8518518518518519,
        "f1-score": 0.8679245283018868,
        "support": 81
      },
      "mid risk": {
        "precision": 0.8028169014084507,
        "recall": 0.8507462686567164,
        "f1-score": 0.8260869565217391,
        "support": 67
      },
      "accuracy": 0.8768472906403941,
      "macro avg": {
        "precision": 0.8834650829955993,
        "recall": 0.8826842219877046,
        "f1-score": 0.8827133083968661,
        "support": 203
      },
      "weighted avg": {
        "precision": 0.8788450320747552,
        "recall": 0.8768472906403941,
        "f1-score": 0.8774718083723786,
        "support": 203
      }
    },
    "confusion_matrix": [
      [
        52,
        1,
        2
      ],
      [
        0,
        69,
        12
      ],
      [
        2,
        8,
        57
      ]
    ],
    "roc_auc": 0.9633684577580496,
    "weights": {
      "rf": 0.3344914083333779,
      "et": 0.33623049029173746,
      "gb": 0.3292781013748845
    }
  }
}